time,open,high,low,close,volume,ticker
2019-01-02,8310,8400,8310,8400,7900,GVR
2019-01-03,8310,8400,8220,8310,17600,GVR
2019-01-04,8130,8400,8130,8310,20830,GVR
2019-01-07,8220,8220,7960,7960,59700,GVR
2019-01-08,8050,8130,8050,8130,6300,GVR
2019-01-09,8310,8400,8130,8310,32100,GVR
2019-01-10,8220,8220,8220,8220,9870,GVR
2019-01-11,8310,8840,8310,8310,116200,GVR
2019-01-14,8310,8580,8310,8310,48800,GVR
2019-01-15,8660,8660,8310,8310,23900,GVR
2019-01-16,8660,9280,8490,8490,48700,GVR
2019-01-17,8750,8750,8400,8400,16000,GVR
2019-01-18,8660,8660,8400,8580,22100,GVR
2019-01-21,8400,8660,8310,8660,9200,GVR
2019-01-22,8490,8490,8310,8310,38400,GVR
2019-01-23,8310,8400,8310,8310,5200,GVR
2019-01-24,8310,8400,8130,8400,23010,GVR
2019-01-25,8220,8220,8130,8130,3500,GVR
2019-01-28,8220,8490,8220,8400,56000,GVR
2019-01-29,8220,8580,8220,8580,82500,GVR
2019-01-30,8660,9190,8580,8750,161000,GVR
2019-01-31,9110,9280,8750,8840,34700,GVR
2019-02-01,8840,9020,8840,8930,31700,GVR
2019-02-11,8840,8840,8400,8400,8700,GVR
2019-02-12,8490,8840,8400,8840,21300,GVR
2019-02-13,8490,8750,8490,8750,21200,GVR
2019-02-14,8580,8660,8580,8580,2900,GVR
2019-02-15,8750,8840,8660,8660,32950,GVR
2019-02-18,8660,8750,8580,8580,24000,GVR
2019-02-19,8660,8750,8660,8660,37500,GVR
2019-02-20,8660,8750,8490,8750,107900,GVR
2019-02-21,8580,8660,8490,8490,73500,GVR
2019-02-22,8660,8840,8580,8580,131000,GVR
2019-02-25,8750,9280,8750,8840,73900,GVR
2019-02-26,9020,9020,8580,8750,46300,GVR
2019-02-27,8750,9280,8660,8660,274100,GVR
2019-02-28,8750,8750,8660,8660,58300,GVR
2019-03-01,8660,8660,8660,8660,14100,GVR
2019-03-04,8660,8930,8660,8930,65500,GVR
2019-03-05,8930,9190,8840,9190,116140,GVR
2019-03-06,9110,9460,9020,9110,333400,GVR
2019-03-07,9190,9370,8840,8840,91001,GVR
2019-03-08,8930,9020,8840,9020,83409,GVR
2019-03-11,8840,8840,8660,8750,93300,GVR
2019-03-12,8750,9020,8750,8840,206700,GVR
2019-03-13,8930,9190,8750,9020,166300,GVR
2019-03-14,9020,9280,8930,9110,175300,GVR
2019-03-15,9190,10430,9020,9990,1093809,GVR
2019-03-18,9990,10870,9990,10260,594650,GVR
2019-03-19,10430,10520,9730,9730,336000,GVR
2019-03-20,9730,10170,9460,9990,533080,GVR
2019-03-21,9990,11230,9990,11050,1495070,GVR
2019-03-22,11050,12380,10870,11320,747600,GVR
2019-03-25,11490,11490,10520,10790,610250,GVR
2019-03-26,10610,10960,10520,10790,332100,GVR
2019-03-27,10700,11850,10520,11140,389330,GVR
2019-03-28,11050,11230,10610,10790,414859,GVR
2019-03-29,10610,10960,10430,10430,449200,GVR
2019-04-01,10700,10790,9990,10260,513854,GVR
2019-04-02,10260,11050,10080,10520,359420,GVR
2019-04-03,10520,10790,10170,10430,136112,GVR
2019-04-04,10430,11140,10260,10870,706804,GVR
2019-04-05,10790,11050,10700,10790,315111,GVR
2019-04-08,10790,10960,10610,10700,344404,GVR
2019-04-09,10790,10960,10260,10430,577980,GVR
2019-04-10,10520,10520,10080,10340,602900,GVR
2019-04-11,10260,10520,9990,10080,261100,GVR
2019-04-12,10080,10080,9640,9990,384751,GVR
2019-04-16,9990,10260,9900,10080,284850,GVR
2019-04-17,10170,10340,9990,9990,242980,GVR
2019-04-18,9900,10430,9730,9810,300100,GVR
2019-04-19,9900,10080,9810,9990,115200,GVR
2019-04-22,9900,9900,9550,9640,198920,GVR
2019-04-23,9730,10170,9640,9810,193830,GVR
2019-04-24,9990,9990,9730,9730,80720,GVR
2019-04-25,9730,10170,9730,9900,125900,GVR
2019-04-26,9810,9810,9640,9810,214540,GVR
2019-05-02,9810,9990,9640,9900,227210,GVR
2019-05-03,9730,9900,9640,9730,143210,GVR
2019-05-06,9730,9810,9280,9460,214900,GVR
2019-05-07,9550,10080,9370,9640,305800,GVR
2019-05-08,9190,9550,9190,9280,326500,GVR
2019-05-09,9280,9900,9190,9370,596000,GVR
2019-05-10,9460,9460,9280,9370,120001,GVR
2019-05-13,9460,9730,9280,9730,294685,GVR
2019-05-14,9550,10260,9550,10170,855971,GVR
2019-05-15,9900,10340,9900,10080,161740,GVR
2019-05-16,10080,10170,9990,10080,237250,GVR
2019-05-17,10080,10260,10080,10170,394711,GVR
2019-05-20,10170,10340,9990,10170,282082,GVR
2019-05-21,10170,10610,10170,10610,606100,GVR
2019-05-22,10610,10790,10340,10430,531842,GVR
2019-05-23,10430,10520,10260,10520,267865,GVR
2019-05-24,10430,10430,9990,10170,357337,GVR
2019-05-27,10170,10430,10080,10430,230532,GVR
2019-05-28,10430,11320,10340,11230,1251990,GVR
2019-05-29,11490,11490,10960,10960,567397,GVR
2019-05-30,11140,11230,10870,11050,381800,GVR
2019-05-31,10870,10870,10260,10340,635603,GVR
2019-06-03,10340,10430,9810,10260,558702,GVR
2019-06-04,10260,10340,10080,10260,203310,GVR
2019-06-05,10170,10430,10080,10260,230030,GVR
2019-06-06,10340,10960,10340,10960,991017,GVR
2019-06-07,10960,11940,10960,11940,3056130,GVR
2019-06-10,11940,12020,11320,11490,856187,GVR
2019-06-11,11490,11850,11320,11490,1071010,GVR
2019-06-12,11580,12380,11410,12020,2636146,GVR
2019-06-13,11940,12730,11940,12290,1673717,GVR
2019-06-14,12200,12380,11670,11850,1407731,GVR
2019-06-17,11850,11940,11490,11670,798833,GVR
2019-06-18,11670,11940,11670,11850,761047,GVR
2019-06-19,11940,12110,11760,11940,730852,GVR
2019-06-20,12200,12290,11850,11940,1058415,GVR
2019-06-21,11940,11940,11490,11760,914460,GVR
2019-06-24,11490,11760,11140,11320,979786,GVR
2019-06-25,11320,11320,10960,11320,487647,GVR
2019-06-26,11140,11490,11140,11320,459862,GVR
2019-06-27,11230,11490,11050,11230,564900,GVR
2019-06-28,11140,11230,10870,11140,333500,GVR
2019-07-01,11140,11320,11050,11320,266613,GVR
2019-07-02,11230,11670,11050,11580,893442,GVR
2019-07-03,11490,11670,11410,11490,679263,GVR
2019-07-04,11490,11670,11410,11580,428432,GVR
2019-07-05,11490,12110,11490,12020,1329028,GVR
2019-07-08,12110,12110,11490,11580,916931,GVR
2019-07-09,11580,11940,11580,11670,1032420,GVR
2019-07-10,11670,12020,11670,11940,1881870,GVR
2019-07-11,11850,12290,11850,12110,2098200,GVR
2019-07-12,12110,12200,11850,11850,796565,GVR
2019-07-15,11850,11940,11670,11760,530240,GVR
2019-07-16,11850,12380,11850,12200,2044110,GVR
2019-07-17,11760,12200,11760,12020,599004,GVR
2019-07-18,12020,12200,11940,12200,578070,GVR
2019-07-19,12110,12380,12020,12200,1221223,GVR
2019-07-22,12200,12730,12020,12550,2587667,GVR
2019-07-23,12550,12820,12380,12730,2127440,GVR
2019-07-24,12730,13260,12730,13260,4416170,GVR
2019-07-25,13260,13440,13000,13170,1993330,GVR
2019-07-26,13090,13090,12730,12910,1306575,GVR
2019-07-29,12820,13170,12730,13170,1392733,GVR
2019-07-30,13090,13440,12910,12910,1749362,GVR
2019-07-31,13000,13260,12290,13170,2176831,GVR
2019-08-01,13090,13170,12910,13090,918070,GVR
2019-08-02,13090,13790,12910,13700,3588142,GVR
2019-08-05,13700,14320,13620,14150,2440747,GVR
2019-08-06,14060,15480,13790,14860,3279060,GVR
2019-08-07,14950,15220,14320,14690,2001054,GVR
2019-08-08,14730,15170,14730,14900,1202941,GVR
2019-08-09,14990,15080,14730,14730,1033647,GVR
2019-08-12,14630,14900,14190,14450,1793426,GVR
2019-08-13,14540,14540,13560,13730,3042385,GVR
2019-08-14,13910,14100,13560,13910,836000,GVR
2019-08-15,13470,14190,13280,14100,1680821,GVR
2019-08-16,14100,14360,14000,14100,958722,GVR
2019-08-19,14100,14270,13910,14000,556650,GVR
2019-08-20,14100,14990,13910,14810,2107090,GVR
2019-08-21,14810,14900,14450,14540,1354115,GVR
2019-08-22,14630,14900,14450,14730,1067820,GVR
2019-08-23,14730,14810,14270,14450,855980,GVR
2019-08-26,14360,14730,14190,14450,1233815,GVR
2019-08-27,14450,14450,14100,14270,1490955,GVR
2019-08-28,14270,14450,14100,14270,559433,GVR
2019-08-29,14190,14360,13730,13820,1186435,GVR
2019-08-30,13910,14000,13370,13470,1945710,GVR
2019-09-03,13470,13560,12560,12650,1819609,GVR
2019-09-04,12650,13100,11940,13020,1679787,GVR
2019-09-05,12930,13190,12750,12750,552521,GVR
2019-09-06,12930,12930,12480,12560,469282,GVR
2019-09-09,12750,12750,12020,12120,761807,GVR
2019-09-10,12120,12390,11670,11850,1181851,GVR
2019-09-11,11940,12120,11760,12120,322510,GVR
2019-09-12,12120,12480,12120,12390,515410,GVR
2019-09-13,12300,12390,12120,12300,513646,GVR
2019-09-16,12300,12390,12020,12120,248260,GVR
2019-09-17,12210,12840,12020,12650,823550,GVR
2019-09-18,12650,12840,12480,12580,1017050,GVR
2019-09-19,12480,12560,12390,12480,277400,GVR
2019-09-20,12390,12560,12300,12300,499499,GVR
2019-09-23,12390,12390,12120,12120,332989,GVR
2019-09-24,12120,12210,12020,12120,576180,GVR
2019-09-25,12120,12300,12120,12210,389610,GVR
2019-09-26,12300,12390,12210,12300,296490,GVR
2019-09-27,12300,12300,12020,12300,342902,GVR
2019-09-30,12210,12390,12210,12300,614342,GVR
2019-10-01,12300,12840,12210,12750,1360300,GVR
2019-10-02,12750,12840,12390,12390,601430,GVR
2019-10-03,12390,12560,12120,12560,344779,GVR
2019-10-04,12390,12560,12300,12480,342500,GVR
2019-10-07,12390,12480,12120,12120,395856,GVR
2019-10-08,12300,12390,12120,12390,293079,GVR
2019-10-09,12300,12390,12210,12300,390916,GVR
2019-10-10,12300,12650,12300,12560,1021630,GVR
2019-10-11,12560,12650,12390,12560,360193,GVR
2019-10-14,12560,12560,12390,12560,174500,GVR
2019-10-15,12480,12480,12210,12300,245068,GVR
2019-10-16,12300,12480,12120,12210,458335,GVR
2019-10-17,12300,12300,12120,12210,228370,GVR
2019-10-18,12300,12300,12120,12120,357860,GVR
2019-10-21,12210,12210,12020,12120,176601,GVR
2019-10-22,12020,12020,11760,11850,293970,GVR
2019-10-23,11850,12300,11850,12210,544200,GVR
2019-10-24,12210,13190,12210,13020,2428013,GVR
2019-10-25,13190,13280,12840,13020,1072750,GVR
2019-10-28,13020,13020,12750,12840,431861,GVR
2019-10-29,12750,13020,12750,12930,685385,GVR
2019-10-30,13020,13100,12750,12930,441419,GVR
2019-10-31,12840,12930,12390,12560,561085,GVR
2019-11-01,12560,12650,12390,12480,483502,GVR
2019-11-04,12480,12750,12210,12480,648582,GVR
2019-11-05,12390,12480,12300,12480,362543,GVR
2019-11-06,12390,12840,12390,12650,510540,GVR
2019-11-07,12560,12560,12300,12480,464150,GVR
2019-11-08,12390,12560,12390,12560,133070,GVR
2019-11-11,12560,12560,12300,12480,363090,GVR
2019-11-12,12390,12560,12300,12390,130305,GVR
2019-11-13,12480,12650,12390,12480,488704,GVR
2019-11-14,12480,12560,12390,12480,152880,GVR
2019-11-15,12480,12480,12300,12390,341050,GVR
2019-11-18,12390,12480,12300,12390,219540,GVR
2019-11-19,12300,12390,12300,12300,189690,GVR
2019-11-20,12300,12650,12300,12560,678500,GVR
2019-11-21,12560,12930,12560,12750,1115127,GVR
2019-11-22,12650,12750,12390,12560,357630,GVR
2019-11-25,12480,12480,12300,12300,363950,GVR
2019-11-26,12390,12480,12300,12390,348230,GVR
2019-11-27,12390,12480,12300,12390,142505,GVR
2019-11-28,12560,13190,12210,12300,497820,GVR
2019-11-29,12300,12300,12210,12210,143210,GVR
2019-12-02,12210,12210,11490,11670,794680,GVR
2019-12-03,11760,11760,10860,10950,1055470,GVR
2019-12-04,11040,11310,10860,11310,230600,GVR
2019-12-05,11310,11490,11130,11310,263255,GVR
2019-12-06,11130,11400,11130,11310,137106,GVR
2019-12-09,11220,11400,11130,11130,151397,GVR
2019-12-10,11310,11310,11040,11220,193545,GVR
2019-12-11,11220,11220,10950,11040,209000,GVR
2019-12-12,11040,11130,10950,11130,193800,GVR
2019-12-13,11220,11850,11040,11220,371530,GVR
2019-12-16,11220,11490,11220,11220,195220,GVR
2019-12-17,11310,11310,11130,11130,198500,GVR
2019-12-18,11130,11130,10590,10780,716800,GVR
2019-12-19,10780,10860,10590,10780,386740,GVR
2019-12-20,10590,10860,10590,10680,169910,GVR
2019-12-23,10780,10860,9780,10050,1272776,GVR
2019-12-24,10050,10050,8790,9420,1361546,GVR
2019-12-25,9330,9780,9330,9700,379000,GVR
2019-12-26,9610,9870,9520,9610,531812,GVR
2019-12-27,9520,9520,9330,9420,369270,GVR
2019-12-30,9420,9520,9070,9160,484220,GVR
2019-12-31,9240,9700,9160,9520,681390,GVR
2020-01-02,9520,10320,9520,10150,762975,GVR
2020-01-03,10150,10950,10150,10500,1116553,GVR
2020-01-06,10950,10950,10240,10320,408280,GVR
2020-01-07,10410,10410,9870,10050,537260,GVR
2020-01-08,10050,10050,9610,9700,503454,GVR
2020-01-09,9870,9960,9780,9870,200020,GVR
2020-01-10,9870,10410,9870,10050,409717,GVR
2020-01-13,10150,10150,9960,10150,185830,GVR
2020-01-14,10150,10320,9960,10050,290900,GVR
2020-01-15,10050,10150,9960,9960,188608,GVR
2020-01-16,10050,10050,9700,10050,463400,GVR
2020-01-17,10050,10500,9960,10240,355706,GVR
2020-01-20,10320,10500,10240,10320,309240,GVR
2020-01-21,10410,10590,10320,10590,435320,GVR
2020-01-22,10590,10950,10320,10860,540290,GVR
2020-01-30,10590,10680,10150,10320,372714,GVR
2020-01-31,10240,10240,9700,9700,655457,GVR
2020-02-03,9420,9610,8530,9330,965930,GVR
2020-02-04,9160,9420,9160,9330,353930,GVR
2020-02-05,9420,9700,9160,9420,470640,GVR
2020-02-06,9330,9960,9330,9780,308048,GVR
2020-02-07,9870,9870,9610,9780,268160,GVR
2020-02-10,9780,9780,9420,9700,201190,GVR
2020-02-11,9700,9870,9610,9780,399300,GVR
2020-02-12,9870,9870,9700,9700,283400,GVR
2020-02-13,9700,9870,9520,9700,727243,GVR
2020-02-14,9780,10240,9610,10150,678971,GVR
2020-02-17,10050,10320,9960,9960,314400,GVR
2020-02-18,9960,10150,9960,10150,472400,GVR
2020-02-19,10150,10590,10050,10590,1159367,GVR
2020-02-20,10680,10780,10410,10590,496270,GVR
2020-02-21,10590,10590,10240,10320,514152,GVR
2020-02-24,10240,10320,9700,9870,1084607,GVR
2020-02-25,9520,10320,9520,10320,1024130,GVR
2020-02-26,10150,10860,10150,10860,1272443,GVR
2020-02-27,10860,11310,10780,11220,1318652,GVR
2020-02-28,11040,11130,10780,10950,1264618,GVR
2020-03-02,10590,11400,10590,11040,592520,GVR
2020-03-03,12650,12650,11130,11760,1047030,GVR
2020-03-04,11670,11760,11130,11310,1656538,GVR
2020-03-05,11310,11490,11130,11310,1055157,GVR
2020-03-06,11400,11400,11040,11220,1305340,GVR
2020-03-17,9420,10320,8620,10050,1626550,GVR
2020-03-18,10320,10320,9380,9420,1432550,GVR
2020-03-19,9240,9240,8790,8790,858400,GVR
2020-03-20,8790,8980,8180,8189,1380930,GVR
2020-03-23,7740,7750,7630,7630,1698240,GVR
2020-03-24,7410,7980,7410,7810,683830,GVR
2020-03-25,7900,8170,7820,7990,1559590,GVR
2020-03-26,7900,8070,7670,7670,811930,GVR
2020-03-27,7720,8080,7510,7590,612810,GVR
2020-03-30,7410,7720,7060,7450,1792710,GVR
2020-03-31,7180,7810,7180,7520,572600,GVR
2020-04-01,7520,7700,7270,7680,262480,GVR
2020-04-03,7720,7990,7630,7810,356910,GVR
2020-04-06,7900,8170,7860,8170,591020,GVR
2020-04-07,8170,8170,7910,8050,277730,GVR
2020-04-08,7990,8070,7900,8070,212500,GVR
2020-04-09,8170,8560,8160,8480,574950,GVR
2020-04-10,8930,9070,8890,9070,934920,GVR
2020-04-13,9700,9700,9110,9110,2160110,GVR
2020-04-14,9330,9740,8980,9700,957110,GVR
2020-04-15,9420,10150,9420,10010,788140,GVR
2020-04-16,9870,10010,9520,9700,634220,GVR
2020-04-17,9920,10010,9610,9700,649460,GVR
2020-04-20,9870,10100,9610,9610,1221230,GVR
2020-04-21,9520,9610,8940,8940,1336580,GVR
2020-04-22,8700,9330,8620,9020,867890,GVR
2020-04-23,9240,9290,8980,9070,653970,GVR
2020-04-24,9070,9110,8930,8940,837180,GVR
2020-04-27,9070,9560,9070,9560,1663520,GVR
2020-04-28,9870,10050,9610,9700,1444690,GVR
2020-04-29,10010,10190,9700,10010,1497360,GVR
2020-05-04,9780,9870,9520,9610,951850,GVR
2020-05-05,9610,10050,8980,9960,1071460,GVR
2020-05-06,10010,10640,10010,10640,2682000,GVR
2020-05-07,10780,11360,10590,11220,2699550,GVR
2020-05-08,11220,11310,10780,10780,1499440,GVR
2020-05-11,11130,11220,10550,11130,1857810,GVR
2020-05-12,10950,11440,10820,11220,1423970,GVR
2020-05-13,11220,11760,11130,11310,3516310,GVR
2020-05-14,11310,11310,11040,11040,1400950,GVR
2020-05-15,11040,11180,10780,10820,1116140,GVR
2020-05-18,10820,11080,10590,11040,680550,GVR
2020-05-19,11360,11440,11040,11040,2001060,GVR
2020-05-20,11040,11530,11040,11490,1345440,GVR
2020-05-21,11580,11900,11400,11490,2381570,GVR
2020-05-22,11400,11530,11130,11220,1401180,GVR
2020-05-25,11310,11810,11130,11760,3891580,GVR
2020-05-26,11980,12070,11710,11760,2026130,GVR
2020-05-27,11850,11850,11400,11400,2320830,GVR
2020-05-28,11360,11580,11270,11440,1925610,GVR
2020-05-29,11400,11580,11360,11440,1380440,GVR
2020-06-01,11490,11620,11490,11530,1375080,GVR
2020-06-02,11530,11620,11220,11270,1401600,GVR
2020-06-03,11270,11670,11220,11670,1682780,GVR
2020-06-04,11670,11810,11400,11400,1429580,GVR
2020-06-05,11400,11580,11310,11580,1368660,GVR
2020-06-08,11670,11900,11530,11670,3376560,GVR
2020-06-09,11670,12480,11670,12250,4848970,GVR
2020-06-10,12250,12250,11810,11900,2746460,GVR
2020-06-11,11900,12160,11220,11220,3535100,GVR
2020-06-12,10780,11180,10590,10900,3343630,GVR
2020-06-15,11220,11670,10990,11130,3865010,GVR
2020-06-16,11670,11670,11360,11440,1094900,GVR
2020-06-17,11490,11490,11130,11130,1329740,GVR
2020-06-18,10860,11490,10860,11040,1281740,GVR
2020-06-19,11180,11440,11180,11310,1155640,GVR
2020-06-22,11400,11400,11130,11180,1125510,GVR
2020-06-23,11180,11490,11080,11270,1512990,GVR
2020-06-24,11310,11310,10990,11040,967980,GVR
2020-06-25,10950,11040,10820,10820,1042720,GVR
2020-06-26,10860,11080,10680,10680,1459690,GVR
2020-06-29,10680,10780,10150,10240,2278110,GVR
2020-06-30,10240,10550,9870,9870,1132600,GVR
2020-07-01,9920,10410,9920,10320,736830,GVR
2020-07-02,10240,10500,10190,10360,878030,GVR
2020-07-03,10410,10640,10410,10460,1155100,GVR
2020-07-06,10590,10680,10500,10680,575100,GVR
2020-07-07,10680,10730,10410,10460,1010980,GVR
2020-07-08,10460,10590,10240,10460,833270,GVR
2020-07-09,10460,10640,10460,10640,988260,GVR
2020-07-10,10590,10680,10550,10680,657210,GVR
2020-07-13,10680,11080,10680,10680,1994010,GVR
2020-07-14,10860,11040,10780,10860,1279860,GVR
2020-07-15,11040,11040,10860,10860,503920,GVR
2020-07-16,10900,10990,10780,10820,751420,GVR
2020-07-17,10730,10990,10680,10860,900470,GVR
2020-07-20,10860,11180,10820,10860,1427490,GVR
2020-07-21,10950,10950,10680,10730,755830,GVR
2020-07-22,10730,10860,10500,10550,730770,GVR
2020-07-23,10500,10550,10320,10320,1064300,GVR
2020-07-24,10360,10680,9870,9870,2730370,GVR
2020-07-27,9420,9610,9200,9200,2885330,GVR
2020-07-28,9020,9520,9020,9520,1756390,GVR
2020-07-29,8980,9290,8850,9200,1869490,GVR
2020-07-30,9160,9240,9020,9070,1120870,GVR
2020-07-31,8790,9200,8790,8980,998760,GVR
2020-08-03,8980,9290,8980,9290,820600,GVR
2020-08-04,9420,9520,9290,9380,995960,GVR
2020-08-05,9380,9740,9240,9560,1450080,GVR
2020-08-06,9470,9650,9470,9520,608120,GVR
2020-08-07,9470,9610,9420,9520,631730,GVR
2020-08-10,9560,10150,9520,10010,2894230,GVR
2020-08-11,10100,10100,9870,9960,737560,GVR
2020-08-12,9960,10010,9870,9960,597590,GVR
2020-08-13,9960,10240,9870,9870,1959970,GVR
2020-08-14,9870,10010,9700,9780,974910,GVR
2020-08-17,9780,9830,9610,9830,750960,GVR
2020-08-18,9830,10100,9780,9920,1218730,GVR
2020-08-19,10050,10500,10010,10320,2352360,GVR
2020-08-20,10320,10590,10320,10500,2233930,GVR
2020-08-21,10500,10680,10410,10640,1617030,GVR
2020-08-24,10780,10860,10640,10730,1577760,GVR
2020-08-25,10780,10780,10550,10550,1301610,GVR
2020-08-26,10460,10900,10460,10680,1924850,GVR
2020-08-27,10730,11180,10730,11080,2316970,GVR
2020-08-28,11080,11180,10820,10820,1574520,GVR
2020-08-31,10860,10900,10550,10640,1824490,GVR
2020-09-01,10590,10900,10500,10900,1998840,GVR
2020-09-03,10950,10990,10820,10900,1000990,GVR
2020-09-04,10680,10820,10640,10780,1132370,GVR
2020-09-07,10680,10950,10590,10680,1491100,GVR
2020-09-08,10820,11220,10780,10950,4063740,GVR
2020-09-09,10950,11220,10950,11130,2240400,GVR
2020-09-10,11270,11530,11130,11490,2360230,GVR
2020-09-11,11400,11530,11270,11530,1349140,GVR
2020-09-14,11490,11530,11310,11310,2150970,GVR
2020-09-15,11400,11490,11130,11220,2087430,GVR
2020-09-16,11220,11440,11180,11360,1136120,GVR
2020-09-17,11400,11530,11310,11440,1206290,GVR
2020-09-18,11440,11490,11400,11440,959790,GVR
2020-09-21,11490,11670,11400,11530,1928720,GVR
2020-09-22,11630,11630,11440,11530,1392490,GVR
2020-09-23,11580,11580,11350,11400,1441290,GVR
2020-09-24,11300,11530,11300,11400,1267760,GVR
2020-09-25,11400,11440,11300,11350,615730,GVR
2020-09-28,11350,11440,11350,11440,1059040,GVR
2020-09-29,11580,11820,11400,11440,3437390,GVR
2020-09-30,11440,11680,11350,11630,1047030,GVR
2020-10-01,11770,11770,11580,11630,1186560,GVR
2020-10-02,11630,11680,11160,11530,2204010,GVR
2020-10-05,11630,12340,11530,12240,5306360,GVR
2020-10-06,12430,12610,12100,12140,2550590,GVR
2020-10-07,11960,12140,11960,12000,1706390,GVR
2020-10-08,12100,12570,11960,12480,5940910,GVR
2020-10-09,12610,13000,12530,12900,5300430,GVR
2020-10-12,12900,13320,12760,12850,5012600,GVR
2020-10-13,12810,13270,12570,13180,4789720,GVR
2020-10-14,13180,13370,12810,12900,4932320,GVR
2020-10-15,13050,13050,12610,12760,5368820,GVR
2020-10-16,12810,13130,12570,13130,5393350,GVR
2020-10-19,13320,13980,13130,13940,6244920,GVR
2020-10-20,13940,14310,13700,13890,3392500,GVR
2020-10-21,13890,13890,13370,13370,5007720,GVR
2020-10-22,13230,13470,13090,13470,4576950,GVR
2020-10-23,13470,13790,13230,13510,3363120,GVR
2020-10-26,13740,14030,13470,13470,3825590,GVR
2020-10-27,13470,13560,13230,13270,2472800,GVR
2020-10-28,13230,13650,12610,12610,5397380,GVR
2020-10-29,12710,13090,12430,12900,4416080,GVR
2020-10-30,13090,13370,12900,13320,3448190,GVR
2020-11-02,13510,13740,13420,13740,5148980,GVR
2020-11-03,13790,14690,13740,14600,11245530,GVR
2020-11-04,14500,14690,14260,14600,4661700,GVR
2020-11-05,14360,14450,14030,14030,6436840,GVR
2020-11-06,14030,14500,14030,14360,3208490,GVR
2020-11-09,14360,14550,14180,14500,4668100,GVR
2020-11-10,14500,15210,14360,14870,6147770,GVR
2020-11-11,14870,15390,14740,15340,5176010,GVR
2020-11-12,15540,16000,15390,15960,5971020,GVR
2020-11-13,15910,16239,15680,16000,5142170,GVR
2020-11-16,15960,15960,15490,15780,6529880,GVR
2020-11-17,15910,16860,15630,16860,6667140,GVR
2020-11-18,16860,17890,16810,17890,5218420,GVR
2020-11-19,17890,18170,17420,18170,5577100,GVR
2020-11-20,18170,18220,17560,17890,2787350,GVR
2020-11-23,17560,17800,17280,17420,4154160,GVR
2020-11-24,17420,17560,16760,17230,5685550,GVR
2020-11-25,17600,17890,17330,17800,3225870,GVR
2020-11-26,17990,18360,17840,18270,5644050,GVR
2020-11-27,18170,18270,17940,17940,2977160,GVR
2020-11-30,18080,18080,17520,17520,3181380,GVR
2020-12-01,17040,17650,17040,17560,3758590,GVR
2020-12-02,17600,17990,17420,17700,3181530,GVR
2020-12-03,17700,17840,17520,17650,2618260,GVR
2020-12-04,17890,18880,17650,18880,6208970,GVR
2020-12-07,19300,19820,19120,19120,4335970,GVR
2020-12-08,19250,19440,18930,19120,3509780,GVR
2020-12-09,18930,20060,18930,19250,5111400,GVR
2020-12-10,19210,19590,18730,18780,3775710,GVR
2020-12-11,18930,19780,18730,19680,4719070,GVR
2020-12-14,19780,21040,19780,21040,5534040,GVR
2020-12-15,21190,22360,20860,21900,4905500,GVR
2020-12-16,21900,22360,21750,21940,3528920,GVR
2020-12-17,21660,23210,21460,22590,4909320,GVR
2020-12-18,23450,23870,22880,23870,3881450,GVR
2020-12-21,24670,25520,24580,25520,3351680,GVR
2020-12-22,27260,27260,26930,27260,1853210,GVR
2020-12-23,29150,29150,25370,25980,3522880,GVR
2020-12-24,27310,27310,24200,25610,9525620,GVR
2020-12-25,26370,27400,25940,27400,5589590,GVR
2020-12-28,28680,29280,27500,28680,4610970,GVR
2020-12-29,28150,29000,27210,27780,7712850,GVR
2020-12-30,27680,28340,26460,26840,5020230,GVR
2020-12-31,27120,28250,26370,28200,4707730,GVR
2021-01-04,28290,29710,27730,27730,7353500,GVR
2021-01-05,28060,28480,27400,27780,5766300,GVR
2021-01-06,27970,28020,26840,27070,6482500,GVR
2021-01-07,27210,27310,26460,26650,6324200,GVR
2021-01-08,26840,28250,26270,27310,6681900,GVR
2021-01-11,27920,28200,26840,27630,5430200,GVR
2021-01-12,27680,28110,27310,28060,3876400,GVR
2021-01-13,28710,29990,28710,29990,15851200,GVR
2021-01-14,30600,31920,30510,30750,7396400,GVR
2021-01-15,30600,31020,30040,30510,5477800,GVR
2021-01-18,30320,32200,29990,31360,7199300,GVR
2021-01-19,31360,31970,29190,29840,5926700,GVR
2021-01-20,30130,30130,27780,29190,5355900,GVR
2021-01-21,29620,30040,28530,29990,5031100,GVR
2021-01-22,30040,31260,29380,30230,6470800,GVR
2021-01-25,29710,31020,29710,30550,4896700,GVR
2021-01-26,30550,30550,28440,28440,5595300,GVR
2021-01-27,27120,28060,26460,26460,5670400,GVR
2021-01-28,24620,24620,24620,24620,501600,GVR
2021-01-29,22930,24620,22930,22980,12775800,GVR
2021-02-01,22590,24290,21380,21380,5967800,GVR
2021-02-02,21460,22460,20340,22030,6277200,GVR
2021-02-03,22690,23540,22030,23540,3765800,GVR
2021-02-04,23820,24770,23450,23960,4257800,GVR
2021-02-05,23960,24480,23590,24200,3434800,GVR
2021-02-08,24200,24390,22560,22560,5368300,GVR
2021-02-09,22510,23350,21850,22640,3756400,GVR
2021-02-17,23590,24200,23540,24200,1392600,GVR
2021-02-18,25850,25850,25850,25850,3278500,GVR
2021-02-19,26460,27310,25940,26460,8269200,GVR
2021-02-22,26550,26790,25900,26320,4211000,GVR
2021-02-23,26220,28150,25520,28150,8396300,GVR
2021-02-24,28440,28910,26840,27120,4418300,GVR
2021-02-25,27500,27500,26650,27210,3505700,GVR
2021-02-26,26180,27310,26180,27160,4192500,GVR
2021-03-01,27870,28340,27400,27780,3977200,GVR
2021-03-02,28150,28910,27550,28150,5624500,GVR
2021-03-03,28060,28340,27780,27870,2908600,GVR
2021-03-04,27870,27970,26460,27070,4337000,GVR
2021-03-05,26650,27780,26370,27350,3738100,GVR
2021-03-08,27780,28250,27120,27680,3627300,GVR
2021-03-09,26550,27580,26550,27020,2056200,GVR
2021-03-10,27120,27580,26840,27310,2563700,GVR
2021-03-11,27780,28200,27550,27780,5317600,GVR
2021-03-12,28060,29570,27870,29100,8710200,GVR
2021-03-15,29100,29190,28480,28530,2472900,GVR
2021-03-16,28390,28530,27500,27730,4671800,GVR
2021-03-17,27870,28060,27400,27970,2819700,GVR
2021-03-18,28250,29100,27970,28910,3849200,GVR
2021-03-19,28530,28810,28150,28250,3339800,GVR
2021-03-22,28710,28710,27870,27970,3121400,GVR
2021-03-23,27970,28250,27310,27630,4188700,GVR
2021-03-24,26890,27550,26320,26500,3693600,GVR
2021-03-25,26600,26930,25760,25980,4806600,GVR
2021-03-26,25420,25900,24200,25710,5217700,GVR
2021-03-29,26080,26270,25800,26220,1674300,GVR
2021-03-30,26220,26690,26080,26550,2115700,GVR
2021-03-31,26550,26650,26130,26180,2056900,GVR
2021-04-01,26180,26840,26130,26790,2484100,GVR
2021-04-02,27020,27310,26500,26650,2241800,GVR
2021-04-05,26740,26840,26460,26650,2056700,GVR
2021-04-06,26460,26650,26270,26270,2365500,GVR
2021-04-07,26080,26370,25850,26370,2634700,GVR
2021-04-08,26650,27020,26270,26740,3152300,GVR
2021-04-09,26740,27260,26740,26840,2944000,GVR
2021-04-12,26930,27020,26690,26740,2902600,GVR
2021-04-13,26740,26740,25850,25940,4556700,GVR
2021-04-14,25520,25940,25330,25760,3282300,GVR
2021-04-15,25760,25900,25050,25090,3301600,GVR
2021-04-16,24950,24950,23450,24010,5099800,GVR
2021-04-19,23640,24670,23640,24480,2739500,GVR
2021-04-20,24580,24720,23540,23720,2655600,GVR
2021-04-22,23590,23720,22080,22080,4710300,GVR
2021-04-23,21940,22830,21460,22830,3554300,GVR
2021-04-26,22830,23870,22270,22320,2796700,GVR
2021-04-27,22320,22640,21380,22030,1511800,GVR
2021-04-28,22690,23540,22690,23540,3108300,GVR
2021-04-29,24480,24770,23720,24240,3166900,GVR
2021-05-04,23350,23960,22690,23770,2156600,GVR
2021-05-05,23540,24060,23540,23770,3182300,GVR
2021-05-06,23720,24390,23540,23820,2554200,GVR
2021-05-07,23820,24060,23260,23350,2869700,GVR
2021-05-10,23070,23490,22640,23210,2429700,GVR
2021-05-11,23540,24200,23350,23770,2824000,GVR
2021-05-12,24010,25420,23920,25420,6321300,GVR
2021-05-13,25420,26220,24950,24950,5598900,GVR
2021-05-14,24950,25420,24530,24770,2819600,GVR
2021-05-17,24770,24770,23820,23870,3533900,GVR
2021-05-18,23820,24010,23260,23350,3064400,GVR
2021-05-19,23350,24200,23350,23870,2813000,GVR
2021-05-20,23820,23820,22980,23260,4030800,GVR
2021-05-21,23260,24480,23070,23870,3409100,GVR
2021-05-24,24620,25520,24620,25520,6726600,GVR
2021-05-25,26270,26270,25140,25420,5599400,GVR
2021-05-26,25240,26180,25050,25850,6327300,GVR
2021-05-27,25940,27210,25610,26220,6625100,GVR
2021-05-28,26370,27120,26370,27070,5541400,GVR
2021-05-31,27120,27310,26460,26930,4910100,GVR
2021-06-01,26790,27020,26370,26690,5077400,GVR
2021-06-02,26370,26460,25420,26220,5018100,GVR
2021-06-03,26650,27120,25940,26840,6501800,GVR
2021-06-04,27210,28340,27120,28150,9284000,GVR
2021-06-07,28910,29760,28530,29570,10302900,GVR
2021-06-08,28810,29570,27550,27550,5410600,GVR
2021-06-09,27310,28150,26370,27580,5540700,GVR
2021-06-10,26840,27580,26370,26840,4218400,GVR
2021-06-11,27120,27820,26740,27450,4200500,GVR
2021-06-14,27680,28440,27310,28020,5243000,GVR
2021-06-15,28250,29940,28060,29940,9611200,GVR
2021-06-16,30600,30970,30040,30180,7694800,GVR
2021-06-17,29520,32020,29380,31970,9882200,GVR
2021-06-18,31970,33800,31450,32490,8776800,GVR
2021-06-21,32200,33240,31920,32490,6685400,GVR
2021-06-22,32960,33190,32299,32340,5910700,GVR
2021-06-23,32200,32490,31170,31540,7695500,GVR
2021-06-24,31310,33380,31310,32770,5819900,GVR
2021-06-25,32770,33150,32490,32910,3659300,GVR
2021-06-28,33050,34370,32580,34180,6792600,GVR
2021-06-29,33900,34800,33520,33620,4640000,GVR
2021-06-30,33430,33750,32960,32960,3729600,GVR
2021-07-01,33050,34700,32960,34270,6757400,GVR
2021-07-02,34270,34610,33900,34090,3962500,GVR
2021-07-05,33990,34460,33520,34180,4525200,GVR
2021-07-06,34610,35500,31830,31830,6778500,GVR
2021-07-07,32200,32670,30130,32619,5960900,GVR
2021-07-08,32810,32810,31540,31970,3886500,GVR
2021-07-09,31170,31830,29760,29760,9414700,GVR
2021-07-12,28250,28910,27680,27680,7085300,GVR
2021-07-13,27870,28710,27500,28250,3515700,GVR
2021-07-14,28020,29000,26740,27580,3722500,GVR
2021-07-15,27160,28810,27160,28720,3199000,GVR
2021-07-16,28720,30080,28720,29520,4052300,GVR
2021-07-19,28240,29000,27500,27500,5437700,GVR
2021-07-20,28190,29000,27310,29000,4154800,GVR
2021-07-21,29200,29470,28240,28440,2458700,GVR
2021-07-22,28440,29900,28190,29660,4436600,GVR
2021-07-23,29280,30460,29150,29200,6288000,GVR
2021-07-26,29200,30600,29000,30600,5021800,GVR
2021-07-27,31070,31540,30650,30890,4462000,GVR
2021-07-28,30650,31260,30410,30740,4193500,GVR
2021-07-29,30740,31360,30330,31210,4267600,GVR
2021-07-30,31360,31820,31120,31740,5202800,GVR
2021-08-02,31070,32390,31070,31540,6175400,GVR
2021-08-03,31540,31920,30890,31740,4856600,GVR
2021-08-04,31920,32110,31210,31490,4157100,GVR
2021-08-05,31450,33100,31070,32820,9045500,GVR
2021-08-06,32820,33150,32200,32200,5648300,GVR
2021-08-09,32020,33280,32020,33150,5093700,GVR
2021-08-10,33380,33480,32770,32950,6385800,GVR
2021-08-11,32950,33150,32060,32110,6143000,GVR
2021-08-12,31820,33150,31540,32299,5683500,GVR
2021-08-13,32110,32870,31590,32770,4717200,GVR
2021-08-16,33240,35030,32950,35030,10693600,GVR
2021-08-17,35400,36250,34930,35310,7543100,GVR
2021-08-18,34830,36060,34710,35360,4797600,GVR
2021-08-19,35170,36720,35030,36530,6673700,GVR
2021-08-20,36350,36720,34000,34230,12418100,GVR
2021-08-23,34000,34740,32200,32200,7321700,GVR
2021-08-24,32200,32950,31740,32020,6463100,GVR
2021-08-25,32299,33150,32110,33150,3379900,GVR
2021-08-26,33520,34270,33100,33430,4533400,GVR
2021-08-27,32950,35220,32490,35220,7521500,GVR
2021-08-30,35740,36060,35030,35400,5449200,GVR
2021-08-31,35400,37580,35170,36490,9613400,GVR
2021-09-01,35790,38140,35790,37750,8428800,GVR
2021-09-06,38610,38610,37010,37010,6788200,GVR
2021-09-07,37010,37620,36400,36570,6217700,GVR
2021-09-08,36620,37380,36250,36720,4272900,GVR
2021-09-09,36770,37620,36620,37620,4012200,GVR
2021-09-10,37670,37670,36920,37010,3419300,GVR
2021-09-13,36920,37010,35310,35490,7507800,GVR
2021-09-14,35310,36060,34930,35790,3672700,GVR
2021-09-15,35270,36530,35270,36250,2474700,GVR
2021-09-16,35880,36530,35880,36160,2233900,GVR
2021-09-17,36250,36870,35790,36300,3726500,GVR
2021-09-20,36450,36720,35220,35220,4251400,GVR
2021-09-21,34660,35170,33280,34270,6765800,GVR
2021-09-22,34360,35030,34180,34830,3555500,GVR
2021-09-23,35790,36250,34830,35030,3709300,GVR
2021-09-24,35170,35790,34830,34830,2891500,GVR
2021-09-27,35220,35310,33520,33520,3941900,GVR
2021-09-28,33100,33950,32910,33710,4567000,GVR
2021-09-29,33620,34460,33620,33900,3525300,GVR
2021-09-30,34320,34360,33800,33800,1718800,GVR
2021-10-01,33660,34320,33430,34000,2695300,GVR
2021-10-04,34180,35360,34000,34930,3461500,GVR
2021-10-05,35170,35690,34980,35310,3010400,GVR
2021-10-06,35450,36110,35360,35640,2934200,GVR
2021-10-07,36060,36350,35590,35960,4038000,GVR
2021-10-08,36060,36200,35360,35450,3436200,GVR
2021-10-11,35790,36060,35400,35590,2921200,GVR
2021-10-12,35960,35960,35450,35590,4797100,GVR
2021-10-13,36070,36070,35640,35880,2503600,GVR
2021-10-14,36210,37120,35970,36740,4981300,GVR
2021-10-15,36940,37310,36170,36550,3561500,GVR
2021-10-18,36550,37120,36170,36210,4123800,GVR
2021-10-19,36170,36170,35590,35880,3834600,GVR
2021-10-20,35840,36170,35490,35880,2719200,GVR
2021-10-21,36170,36170,35310,35490,2635600,GVR
2021-10-22,35540,36790,35490,36640,5277400,GVR
2021-10-25,37120,38510,36640,37610,8643200,GVR
2021-10-26,37610,37890,36940,37740,2909900,GVR
2021-10-27,37890,39040,37560,38270,6284300,GVR
2021-10-28,38270,39140,37510,38320,4757300,GVR
2021-10-29,38750,39140,37840,38080,4719000,GVR
2021-11-01,38080,38270,37310,37650,5673900,GVR
2021-11-02,37510,40280,37310,40280,8464100,GVR
2021-11-03,41430,41430,37610,37610,6911300,GVR
2021-11-04,38170,39140,37610,38220,4403300,GVR
2021-11-05,38460,38940,38170,38370,4264200,GVR
2021-11-08,38660,39710,38460,38940,4284000,GVR
2021-11-09,39040,39420,38610,38840,3742300,GVR
2021-11-10,38940,39990,38370,39320,4584700,GVR
2021-11-11,39470,40950,38710,40090,7153900,GVR
2021-11-12,40190,40470,39040,39610,2871700,GVR
2021-11-15,39710,39850,38270,38750,6689500,GVR
2021-11-16,38710,38710,37460,37650,5337500,GVR
2021-11-17,37650,39140,37310,38270,3340300,GVR
2021-11-18,38080,38890,37990,38130,4020600,GVR
2021-11-19,38170,38370,35490,36070,6321200,GVR
2021-11-22,35450,36070,34060,34060,5211400,GVR
2021-11-23,33680,35880,33680,35880,2446700,GVR
2021-11-24,35930,36310,35400,35590,2877700,GVR
2021-11-25,35880,36840,35790,36170,2641900,GVR
2021-11-26,36260,36360,35110,35360,3374000,GVR
2021-11-29,34440,35400,34350,35210,2720900,GVR
2021-11-30,35690,37650,35690,37120,7456800,GVR
2021-12-01,36940,37310,36360,36840,1971900,GVR
2021-12-02,36460,38080,36410,36980,2665700,GVR
2021-12-03,36690,37310,34920,34920,3246500,GVR
2021-12-06,34920,35590,33720,34440,2693300,GVR
2021-12-07,34920,35400,34590,35020,1453800,GVR
2021-12-08,35360,36640,35070,35400,1842600,GVR
2021-12-09,35400,36120,35110,35740,1609600,GVR
2021-12-10,35690,36360,35690,35880,2200700,GVR
2021-12-13,36360,37220,35970,36840,2816800,GVR
2021-12-14,36840,37360,35880,36500,2696900,GVR
2021-12-15,36360,37170,36020,36120,2614900,GVR
2021-12-16,36360,36740,36070,36210,1839200,GVR
2021-12-17,36360,37310,36260,36590,2964500,GVR
2021-12-20,36550,36590,35840,35970,2386600,GVR
2021-12-21,35880,36640,35490,36070,2771400,GVR
2021-12-22,36260,38220,36070,37310,7887300,GVR
2021-12-23,37650,38080,36790,37310,4277100,GVR
2021-12-24,37410,38510,37120,37360,3948200,GVR
2021-12-27,37220,37510,36460,36940,2791600,GVR
2021-12-28,36940,37310,36070,36210,4185300,GVR
2021-12-29,35970,36260,35210,35310,6193900,GVR
2021-12-30,35310,35840,35260,35400,2382900,GVR
2021-12-31,35590,35790,35260,35360,2174700,GVR
2022-01-04,35590,36310,35400,35970,2270100,GVR
2022-01-05,35970,37030,35590,36740,5612900,GVR
2022-01-06,36360,37650,36170,36940,4131600,GVR
2022-01-07,36840,37690,36550,36840,2825500,GVR
2022-01-10,36940,37510,36360,36360,4031100,GVR
2022-01-11,35970,36360,35210,35210,3286400,GVR
2022-01-12,35210,35400,33540,35400,4421100,GVR
2022-01-13,35490,35880,33970,33970,3359600,GVR
2022-01-14,33680,34740,33680,34160,1688300,GVR
2022-01-17,34160,34350,31810,31810,4515200,GVR
2022-01-18,31000,31570,29760,29760,2899800,GVR
2022-01-19,30330,31190,29760,30420,1767500,GVR
2022-01-20,31000,31480,30420,31090,1480700,GVR
2022-01-21,31570,31910,31000,31000,1671000,GVR
2022-01-24,31000,31090,28850,28850,2226300,GVR
2022-01-25,27940,29990,27940,29900,1582600,GVR
2022-01-26,30420,30470,29660,29660,1067300,GVR
2022-01-27,29660,30040,29370,29370,689000,GVR
2022-01-28,29370,29850,29230,29850,953700,GVR
2022-02-07,30620,30810,30330,30810,865400,GVR
2022-02-08,30910,31860,30710,31570,1165800,GVR
2022-02-09,31770,31960,31390,31670,1144600,GVR
2022-02-10,31720,32240,31390,32150,1461300,GVR
2022-02-11,31670,33010,31670,32490,1516300,GVR
2022-02-14,32290,32530,31770,31860,1172600,GVR
2022-02-15,31670,32150,31670,31910,828900,GVR
2022-02-16,32530,32530,32189,32290,760900,GVR
2022-02-17,32530,32870,32290,32530,1261900,GVR
2022-02-18,32290,32439,32009,32150,1587500,GVR
2022-02-21,32049,33200,32049,33110,2336200,GVR
2022-02-22,33060,33060,32150,32770,1517100,GVR
2022-02-23,32820,33870,32530,32770,2385600,GVR
2022-02-24,32770,33290,30710,32240,3123100,GVR
2022-02-25,32720,33010,32530,32530,1513200,GVR
2022-02-28,32820,32820,32049,32670,1904200,GVR
2022-03-01,32720,34300,32720,34160,4755600,GVR
2022-03-02,34540,34690,33820,33870,3342300,GVR
2022-03-03,34300,34740,34160,34740,2748400,GVR
2022-03-04,34820,35160,34160,34440,3156700,GVR
2022-03-07,34440,35310,34160,35160,3237700,GVR
2022-03-08,34920,36170,34540,34740,3784500,GVR
2022-03-09,34780,35020,33770,34440,2164200,GVR
2022-03-10,34640,34780,33970,34010,1417000,GVR
2022-03-11,33970,34260,32960,33010,2598600,GVR
2022-03-14,33010,33010,31430,31910,2343200,GVR
2022-03-15,31770,32530,31770,32390,980100,GVR
2022-03-16,32619,32910,32150,32240,1256100,GVR
2022-03-17,32530,32720,32240,32340,1030400,GVR
2022-03-18,32720,32720,32439,32530,1033100,GVR
2022-03-21,32870,33150,32340,33110,1452200,GVR
2022-03-22,33290,33870,33150,33150,1610600,GVR
2022-03-23,33590,33920,33200,33870,1848200,GVR
2022-03-24,33590,33920,33290,33390,1861500,GVR
2022-03-25,33390,33390,32910,33200,1121400,GVR
2022-03-28,32670,33200,32340,32390,2268400,GVR
2022-03-29,32490,33200,32490,33010,1169000,GVR
2022-03-30,32820,33290,32340,32390,1489600,GVR
2022-03-31,32390,33010,32340,32530,1177200,GVR
2022-04-01,32619,33250,32340,33060,1687200,GVR
2022-04-04,33490,34920,33340,34920,6226000,GVR
2022-04-05,34640,35790,34440,34820,3270100,GVR
2022-04-06,34440,35400,34440,35400,3663300,GVR
2022-04-07,35400,36170,34740,34740,3503800,GVR
2022-04-08,34920,35020,33290,33340,2763400,GVR
2022-04-12,33340,33590,31570,31570,2770000,GVR
2022-04-13,31570,33250,31520,33010,2263400,GVR
2022-04-14,33290,33920,32910,33060,1543100,GVR
2022-04-15,33060,34920,33010,34440,4280600,GVR
2022-04-18,34110,35590,34110,35210,5974700,GVR
2022-04-19,35400,35400,33490,33490,2944000,GVR
2022-04-20,33200,33970,31140,31140,2849300,GVR
2022-04-21,30190,31520,29040,29190,4404800,GVR
2022-04-22,29760,30330,27170,28220,4597100,GVR
2022-04-25,27750,28700,26270,26270,3146500,GVR
2022-04-26,25350,27270,24490,27270,2034200,GVR
2022-04-27,26890,28040,26890,27840,1290600,GVR
2022-04-28,27840,27990,27370,27510,1095000,GVR
2022-04-29,27170,27990,27170,27600,1750200,GVR
2022-05-04,27650,27650,26840,26840,1411500,GVR
2022-05-05,27560,27560,26310,26990,1271800,GVR
2022-05-06,26500,26990,25640,25640,1427000,GVR
2022-05-09,25170,25260,23870,23870,2121400,GVR
2022-05-10,22770,23870,22490,23680,1743200,GVR
2022-05-11,23680,23770,23060,23540,1005000,GVR
2022-05-12,23870,24300,21910,21910,1880500,GVR
2022-05-13,21910,22010,20380,20380,2327900,GVR
2022-05-16,21770,21770,20860,20900,2348100,GVR
2022-05-17,20470,22340,20090,22340,2212800,GVR
2022-05-18,22580,22920,22010,22340,1896500,GVR
2022-05-19,21440,22150,21140,21960,1741600,GVR
2022-05-20,22340,23150,21960,22670,2379200,GVR
2022-05-23,23060,23300,21960,22670,1286500,GVR
2022-05-24,22620,23110,22100,23110,1718300,GVR
2022-05-25,23150,24350,22870,24250,2615100,GVR
2022-05-26,24300,24690,23920,24250,1505000,GVR
2022-05-27,24350,24970,24250,24400,1573800,GVR
2022-05-30,24400,24690,24300,24350,1314500,GVR
2022-05-31,24350,24350,23820,24110,2363300,GVR
2022-06-01,23920,24300,23720,24070,1174200,GVR
2022-06-02,23920,25020,23870,24690,2149900,GVR
2022-06-03,24690,24740,23920,23920,1654300,GVR
2022-06-06,23920,24690,23920,24070,1442800,GVR
2022-06-07,23920,24210,23150,24210,1923200,GVR
2022-06-08,24590,25890,24590,25890,2880300,GVR
2022-06-09,26500,26990,26220,26270,2461800,GVR
2022-06-10,26020,26790,24870,24970,2505600,GVR
2022-06-13,23640,24490,23250,23250,3143700,GVR
2022-06-14,22870,23920,22390,23680,1736900,GVR
2022-06-15,23680,23820,22050,22050,2010000,GVR
2022-06-16,22770,23200,22490,22490,1704900,GVR
2022-06-17,21620,22010,21050,21720,2061100,GVR
2022-06-20,21720,22200,20770,20860,2657900,GVR
2022-06-21,20860,21520,19950,20770,2340800,GVR
2022-06-22,21520,21520,20770,20860,1260600,GVR
2022-06-23,20860,21720,20860,21720,874200,GVR
2022-06-24,21870,22290,21620,21770,1010400,GVR
2022-06-27,22010,22340,21770,22340,1050600,GVR
2022-06-28,22290,22770,22200,22490,874500,GVR
2022-06-29,22390,22490,21520,21910,1658400,GVR
2022-06-30,22010,22200,21520,21570,1028100,GVR
2022-07-01,21520,21620,20810,21620,1294600,GVR
2022-07-04,21910,22010,21140,21440,692600,GVR
2022-07-05,21720,21720,20670,20670,1176800,GVR
2022-07-06,20470,20900,19950,19950,1519200,GVR
2022-07-07,19670,20290,19620,19850,942200,GVR
2022-07-08,20470,20670,20090,20290,931000,GVR
2022-07-11,20420,20570,19950,20040,876600,GVR
2022-07-12,20040,21440,20040,21440,2467200,GVR
2022-07-13,21820,22340,21570,21570,2141700,GVR
2022-07-14,21440,22390,21440,22200,1620000,GVR
2022-07-15,22240,22670,22100,22150,1779400,GVR
2022-07-18,22390,22820,22100,22200,1504400,GVR
2022-07-19,22200,22440,21670,22200,1292800,GVR
2022-07-20,22580,23110,22290,22770,2476900,GVR
2022-07-21,22870,23060,22580,22670,1542500,GVR
2022-07-22,22670,23150,22490,22490,1651200,GVR
2022-07-25,22490,22490,21820,21820,1193500,GVR
2022-07-26,21870,22150,21620,21770,1038100,GVR
2022-07-27,21520,22200,21440,22100,1715000,GVR
2022-07-28,22490,23060,22240,22920,2558100,GVR
2022-07-29,23110,23150,22720,22870,1899000,GVR
2022-08-01,22970,23640,22770,23640,2618000,GVR
2022-08-02,23440,24020,23440,23640,1731200,GVR
2022-08-03,23680,23770,23390,23640,1638900,GVR
2022-08-04,23870,24250,23440,23540,1954400,GVR
2022-08-05,23540,23680,23250,23680,1844600,GVR
2022-08-08,23720,24210,23720,24020,1954300,GVR
2022-08-09,23970,24210,23870,24160,1576700,GVR
2022-08-10,24070,24160,23920,23970,1453200,GVR
2022-08-11,24160,24300,23250,23640,2421500,GVR
2022-08-12,23440,23870,23440,23770,995200,GVR
2022-08-15,24160,24210,23770,23770,1074300,GVR
2022-08-16,23540,23820,23540,23720,1150900,GVR
2022-08-17,23820,23920,23440,23490,1710800,GVR
2022-08-18,23250,23640,23110,23300,1408000,GVR
2022-08-19,23250,23390,22920,23150,1157600,GVR
2022-08-22,22970,23060,22340,22620,1947200,GVR
2022-08-23,22340,22970,22340,22920,1179400,GVR
2022-08-24,23060,23200,22820,23110,1156200,GVR
2022-08-25,23150,24350,23150,24350,5087500,GVR
2022-08-26,24400,24400,23820,24300,1739300,GVR
2022-08-29,23720,23870,22970,23870,2556000,GVR
2022-08-30,23920,25500,23920,25500,7996000,GVR
2022-08-31,25500,25640,25020,25210,1892400,GVR
2022-09-05,25120,26170,25070,25070,2623300,GVR
2022-09-06,25260,25540,24640,24790,2683600,GVR
2022-09-07,24870,25740,24690,24690,5221400,GVR
2022-09-08,24740,24970,23920,23920,2272500,GVR
2022-09-09,24110,24250,22240,24250,3553600,GVR
2022-09-12,24490,24590,23770,23920,1444100,GVR
2022-09-13,23720,24020,23490,23970,1514500,GVR
2022-09-14,23300,23920,23300,23920,1835500,GVR
2022-09-15,24110,24820,23720,24400,2665600,GVR
2022-09-16,24300,24300,23540,23540,1709100,GVR
2022-09-19,23540,23540,21910,21910,3152800,GVR
2022-09-20,22010,22620,21770,22490,1307700,GVR
2022-09-21,22290,22770,22200,22240,846600,GVR
2022-09-22,22100,22620,22050,22580,1418900,GVR
2022-09-23,22920,22920,22240,22340,1000300,GVR
2022-09-26,21670,22150,20950,22010,1974000,GVR
2022-09-27,21960,22100,21620,21770,878700,GVR
2022-09-28,21340,21820,20950,21240,1053100,GVR
2022-09-29,21480,21620,20000,20000,1117200,GVR
2022-09-30,19420,20040,18660,20000,1585200,GVR
2022-10-03,20040,20040,18610,18610,1141300,GVR
2022-10-04,18750,19040,17460,17460,1664400,GVR
2022-10-05,17990,18370,17800,18270,1016100,GVR
2022-10-06,18320,18320,17030,17030,1505600,GVR
2022-10-07,16940,16940,15880,15880,2272400,GVR
2022-10-10,15880,16450,15350,16170,1889000,GVR
2022-10-11,15840,16170,15070,15070,1989600,GVR
2022-10-12,14390,16110,14390,15670,1459700,GVR
2022-10-13,15720,16010,15620,15720,799200,GVR
2022-10-14,16309,16410,15960,16160,1897700,GVR
2022-10-17,16110,16309,15720,16309,1247100,GVR
2022-10-18,16850,16850,16450,16500,1253400,GVR
2022-10-19,16650,16650,16210,16260,1134100,GVR
2022-10-20,16210,16410,15870,15910,1037800,GVR
2022-10-21,16010,16010,14830,14830,2124300,GVR
2022-10-24,14740,14930,13800,13800,1694700,GVR
2022-10-25,13560,14240,12870,13070,2838300,GVR
2022-10-26,13110,13750,13070,13260,1293100,GVR
2022-10-27,13410,14150,13360,14150,1512300,GVR
2022-10-28,14390,14830,14100,14240,1431500,GVR
2022-10-31,14340,14440,13650,14150,1102500,GVR
2022-11-01,14440,14640,14150,14240,1259100,GVR
2022-11-02,14340,14440,13950,13950,1167900,GVR
2022-11-03,13560,14240,13560,14000,1203000,GVR
2022-11-04,13750,14050,13110,13110,1633200,GVR
2022-11-07,13110,13410,12230,12230,1556600,GVR
2022-11-08,11980,12820,11980,12820,1174200,GVR
2022-11-09,13070,13310,12670,13070,963600,GVR
2022-11-10,12770,13020,12180,12180,1906000,GVR
2022-11-11,12430,12530,11350,11350,1724700,GVR
2022-11-14,10900,11440,10560,10560,1914200,GVR
2022-11-15,10310,10660,9820,9820,2906500,GVR
2022-11-16,9380,10510,9140,10510,2331500,GVR
2022-11-17,10760,11200,10710,11200,1830900,GVR
2022-11-18,11300,11940,11000,11940,3215600,GVR
2022-11-21,12230,12770,12180,12770,2820100,GVR
2022-11-22,13110,13460,12030,12380,3396800,GVR
2022-11-23,12480,12720,12230,12330,1361100,GVR
2022-11-24,12330,12870,12130,12770,2150000,GVR
2022-11-25,13260,13510,12970,13260,2076300,GVR
2022-11-28,13750,13950,13510,13850,3057200,GVR
2022-11-29,14100,14100,13260,13900,3884700,GVR
2022-11-30,13950,14340,13560,13950,3120500,GVR
2022-12-01,14240,14880,14050,14540,4151500,GVR
2022-12-02,14740,15230,14240,15230,2296800,GVR
2022-12-05,15670,15770,15130,15320,2983300,GVR
2022-12-06,15230,15230,14290,14290,3836500,GVR
2022-12-07,14150,14540,13750,13750,1976000,GVR
2022-12-08,14000,14690,14000,14440,1562700,GVR
2022-12-09,14490,14980,14200,14780,1872400,GVR
2022-12-12,14980,15470,14540,14540,2607000,GVR
2022-12-13,14540,14780,14050,14740,2309500,GVR
2022-12-14,14930,15520,14640,15230,3425400,GVR
2022-12-15,15130,15720,15030,15320,2767900,GVR
2022-12-16,15030,16059,15030,15520,3947600,GVR
2022-12-19,15520,15870,15030,15030,2375300,GVR
2022-12-20,14930,15130,14000,14050,3357800,GVR
2022-12-21,14050,14540,13260,13950,2086700,GVR
2022-12-22,14290,14340,13850,14240,885000,GVR
2022-12-23,14200,14490,13900,14100,1189600,GVR
2022-12-26,14000,14150,13110,13110,1934200,GVR
2022-12-27,13110,13310,13110,13310,443800,GVR
2022-12-27,13310,14000,13210,14000,1260800,GVR
2022-12-28,14150,14200,13800,13950,656600,GVR
2022-12-29,13950,14000,13560,13560,664900,GVR
2022-12-30,13650,13850,13510,13560,576400,GVR
2023-01-03,13560,14340,13560,14340,2167100,GVR
2023-01-04,14440,14740,14200,14590,1944700,GVR
2023-01-05,14640,14930,14540,14640,3014500,GVR
2023-01-06,14780,14830,13850,14150,2608700,GVR
2023-01-09,14390,14440,13900,14150,1739400,GVR
2023-01-10,13950,14200,13750,14150,1555100,GVR
2023-01-11,14150,14440,14150,14240,1965700,GVR
2023-01-12,14390,14640,14240,14540,2004300,GVR
2023-01-13,14690,14830,14290,14290,2035700,GVR
2023-01-16,14340,14930,14200,14930,3508200,GVR
2023-01-17,15030,15470,15030,15470,3919900,GVR
2023-01-18,15570,15770,15280,15720,2818100,GVR
2023-01-19,15770,16010,15620,16010,2760600,GVR
2023-01-27,16500,16750,16160,16550,2606700,GVR
2023-01-30,16900,16900,16210,16210,3337600,GVR
2023-01-31,15720,16500,15620,16410,3559700,GVR
2023-02-01,16600,16600,15280,15280,2983500,GVR
2023-02-02,15420,15420,14740,14980,2191000,GVR
2023-02-03,14980,15230,14780,15130,1556300,GVR
2023-02-06,15080,15320,14930,15320,1201800,GVR
2023-02-07,15470,15470,14540,14540,2466000,GVR
2023-02-08,14740,15030,14290,14490,1594700,GVR
2023-02-09,14540,14930,14540,14690,1330900,GVR
2023-02-10,14740,14740,14340,14390,1425300,GVR
2023-02-13,14290,14390,13560,13750,2727000,GVR
2023-02-14,13950,14050,13700,13900,1157100,GVR
2023-02-15,13950,14390,13800,14240,1371600,GVR
2023-02-16,14490,14540,14240,14490,1167900,GVR
2023-02-17,14490,14740,14340,14440,1149100,GVR
2023-02-20,14590,15180,14490,15180,2360700,GVR
2023-02-21,15230,15470,15080,15080,1979400,GVR
2023-02-22,14930,14980,14290,14290,2357700,GVR
2023-02-23,14290,14540,13950,14540,2486700,GVR
2023-02-24,14540,14540,14050,14050,956300,GVR
2023-02-27,14000,14050,13700,13700,1275700,GVR
2023-02-28,13850,14050,13610,13700,898900,GVR
2023-03-01,13750,14150,13650,14150,980800,GVR
2023-03-02,14200,14390,14000,14000,969300,GVR
2023-03-03,14150,14290,13850,13850,1054400,GVR
2023-03-06,14240,14390,13950,13950,931100,GVR
2023-03-07,14000,14200,14000,14150,560400,GVR
2023-03-08,14000,14240,13900,14240,1543100,GVR
2023-03-09,14290,15030,14290,14880,3766000,GVR
2023-03-10,14740,15030,14640,14740,2676300,GVR
2023-03-13,14540,14780,14490,14690,2603900,GVR
2023-03-14,14690,14740,14050,14050,2160500,GVR
2023-03-15,14440,14930,14290,14930,2069100,GVR
2023-03-16,14740,14830,14390,14590,1713400,GVR
2023-03-17,14740,14830,14540,14640,1285900,GVR
2023-03-20,14540,14640,14000,14100,1912100,GVR
2023-03-21,14150,14290,13850,14200,1119900,GVR
2023-03-22,14290,14390,14200,14240,957800,GVR
2023-03-23,14050,14290,14050,14240,767200,GVR
2023-03-24,14390,14780,14340,14590,2406400,GVR
2023-03-27,14640,14740,14540,14640,1457400,GVR
2023-03-28,14780,14880,14640,14640,2436500,GVR
2023-03-29,14540,14590,14340,14440,1156200,GVR
2023-03-30,14740,14740,14440,14490,1448400,GVR
2023-03-31,14440,15230,14390,15180,4939900,GVR
2023-04-03,15470,15670,15320,15620,3564900,GVR
2023-04-04,15620,15670,15420,15620,2821900,GVR
2023-04-05,15620,16059,15520,15910,3357900,GVR
2023-04-06,16010,16110,15520,15620,4246500,GVR
2023-04-07,15420,15620,15230,15620,2180900,GVR
2023-04-10,15820,16010,15670,15670,2933300,GVR
2023-04-11,15620,15820,15420,15820,2192500,GVR
2023-04-12,16260,16500,16010,16059,4816200,GVR
2023-04-13,16110,16160,15720,15720,1958000,GVR
2023-04-14,15720,15770,15030,15030,4567700,GVR
2023-04-17,15030,15230,14930,15230,1297200,GVR
2023-04-18,15230,15320,15030,15230,1399900,GVR
2023-04-19,15320,15370,14740,14740,1433600,GVR
2023-04-20,14590,15030,14590,15030,1142300,GVR
2023-04-21,14830,15080,14830,14930,1066400,GVR
2023-04-24,14880,15030,14690,14880,727400,GVR
2023-04-25,15080,15230,14780,14830,1268700,GVR
2023-04-26,14830,15080,14740,15030,1068800,GVR
2023-04-27,15180,15520,15080,15230,2488600,GVR
2023-04-28,15280,15420,15230,15320,1306100,GVR
2023-05-04,15130,15520,15130,15320,1983600,GVR
2023-05-05,15420,15470,15180,15180,1343000,GVR
2023-05-08,15280,15960,15280,15870,4162200,GVR
2023-05-09,16010,16210,15870,15870,2860300,GVR
2023-05-10,15960,16550,15960,16550,7382000,GVR
2023-05-11,16600,16650,16360,16410,3368100,GVR
2023-05-12,16360,16990,16260,16450,4118900,GVR
2023-05-15,16700,16700,15910,15960,4067900,GVR
2023-05-16,15910,16010,15470,15670,3971800,GVR
2023-05-17,15870,15910,15570,15620,2296400,GVR
2023-05-18,15620,15820,15520,15570,2154800,GVR
2023-05-19,15620,15910,15570,15870,2240900,GVR
2023-05-22,16010,16360,15960,16210,2486900,GVR
2023-05-23,16260,16309,15960,16010,2524300,GVR
2023-05-24,16210,16210,15820,15820,2388500,GVR
2023-05-25,15770,16550,15770,16450,5277500,GVR
2023-05-26,16700,17090,16550,16900,5412200,GVR
2023-05-29,16900,17880,16750,17880,6081800,GVR
2023-05-30,17980,18170,17540,18080,4575000,GVR
2023-05-31,18120,18120,17680,17880,3137200,GVR
2023-06-01,18030,18570,17780,18470,4252900,GVR
2023-06-02,18620,18660,18270,18570,2717600,GVR
2023-06-05,18470,18570,17880,18030,5242100,GVR
2023-06-06,17880,18470,17780,18420,2652400,GVR
2023-06-07,18570,18570,18120,18220,3304900,GVR
2023-06-08,18370,18960,17680,17680,6661500,GVR
2023-06-09,17730,17930,17290,17730,3482100,GVR
2023-06-12,17780,17880,17390,17830,3928700,GVR
2023-06-13,17930,18080,17730,18080,2887700,GVR
2023-06-14,18170,18320,17580,17580,3036900,GVR
2023-06-15,17630,17880,17490,17730,2114000,GVR
2023-06-16,17930,18220,17490,17490,4286900,GVR
2023-06-19,17540,17830,17390,17580,1976400,GVR
2023-06-20,17680,18470,17680,18470,3514200,GVR
2023-06-21,18570,19160,18320,19160,7490700,GVR
2023-06-22,19300,19300,18860,19010,2912600,GVR
2023-06-23,19010,19160,18620,18660,3351700,GVR
2023-06-26,18660,19250,18170,19250,4848900,GVR
2023-06-27,19350,19550,19110,19250,3248900,GVR
2023-06-28,19250,19450,18810,18960,2681300,GVR
2023-06-29,18760,19060,18620,18710,2831800,GVR
2023-06-30,18810,19060,18520,19060,3108600,GVR
2023-07-03,19210,19790,19110,19790,5805100,GVR
2023-07-04,19750,19940,19600,19940,2821900,GVR
2023-07-05,19990,20340,19750,19750,5028900,GVR
2023-07-06,19750,20380,19600,20340,4824800,GVR
2023-07-07,20240,20920,20040,20880,3953400,GVR
2023-07-10,20880,21220,20680,20880,4114700,GVR
2023-07-11,21020,21320,20880,21120,3498200,GVR
2023-07-12,21220,21220,20830,21220,3022300,GVR
2023-07-13,21120,21320,21020,21270,2504800,GVR
2023-07-14,21320,21320,20970,21220,2386000,GVR
2023-07-17,21120,21910,21070,21610,2698400,GVR
2023-07-18,21710,21710,21320,21460,1472600,GVR
2023-07-19,21420,21910,21320,21320,3177200,GVR
2023-07-20,21320,21420,20680,21120,3169600,GVR
2023-07-21,21220,21860,20970,21610,2070400,GVR
2023-07-24,21810,22100,21510,21810,1992800,GVR
2023-07-25,21810,21910,21420,21420,2336100,GVR
2023-07-26,21420,21510,21120,21220,2299500,GVR
2023-07-27,21170,21420,21070,21320,2587700,GVR
2023-07-28,21370,21760,21170,21610,3955800,GVR
2023-07-31,21910,22200,21610,21960,2665400,GVR
2023-08-01,22010,22150,21560,21610,3020300,GVR
2023-08-02,21420,21610,21320,21510,2040200,GVR
2023-08-03,21510,21960,21320,21420,1908000,GVR
2023-08-04,21510,21610,21270,21510,2347900,GVR
2023-08-07,21610,22400,21610,22300,4317300,GVR
2023-08-08,22400,22450,21960,22200,2682200,GVR
2023-08-09,22100,22300,21760,21760,2606700,GVR
2023-08-10,21660,21860,21070,21070,3053500,GVR
2023-08-11,21070,21270,20140,20730,3906500,GVR
2023-08-14,21020,21270,20780,21170,2159100,GVR
2023-08-15,21220,21460,21070,21070,2436600,GVR
2023-08-16,20970,21270,20970,20970,2035600,GVR
2023-08-17,21120,21320,20880,20920,2629500,GVR
2023-08-18,20880,20920,19500,19500,4869000,GVR
2023-08-21,19160,19210,18520,18960,3048800,GVR
2023-08-22,18760,19160,17880,18710,2986700,GVR
2023-08-23,19160,19250,18810,18860,1001100,GVR
2023-08-24,18860,19500,18810,19450,1837300,GVR
2023-08-25,19450,19600,19250,19300,1642900,GVR
2023-08-28,19450,19890,19300,19840,2407500,GVR
2023-08-29,20090,20480,19990,20290,2319700,GVR
2023-08-30,20290,20480,19840,20340,2164600,GVR
2023-08-31,20480,21460,20380,21460,5976100,GVR
2023-09-05,21860,21960,21460,21610,3268500,GVR
2023-09-06,21760,21810,21270,21610,3422100,GVR
2023-09-07,21810,22450,21810,22010,5152000,GVR
2023-09-08,21760,22790,21760,22300,3404000,GVR
2023-09-11,22840,22840,21370,21370,4406700,GVR
2023-09-12,21510,22300,21270,22300,2385000,GVR
2023-09-13,22400,22790,21810,21910,5665700,GVR
2023-09-14,22050,22100,21560,21610,2618600,GVR
2023-09-15,21910,22590,21510,22200,3130300,GVR
2023-09-18,22350,22400,21170,21760,4330900,GVR
2023-09-19,21660,21910,21320,21910,2540100,GVR
2023-09-20,22050,22690,21810,22690,6505800,GVR
2023-09-21,22890,23280,22640,22790,4683800,GVR
2023-09-22,22500,22500,21460,21460,5376200,GVR
2023-09-25,21420,22010,19990,19990,4890300,GVR
2023-09-26,19940,20430,18620,18620,7147500,GVR
2023-09-27,18760,19500,18220,19500,4359100,GVR
2023-09-28,19500,19500,19060,19250,2073300,GVR
2023-09-29,19550,19790,19160,19160,1955800,GVR
2023-10-02,19350,20040,19160,20040,2740700,GVR
2023-10-03,19650,19790,18660,18660,3931200,GVR
2023-10-04,18710,19400,18470,19160,2046900,GVR
2023-10-05,19350,19940,19300,19450,4016400,GVR
2023-10-06,19450,19990,19110,19840,2399800,GVR
2023-10-09,20040,20290,19700,20040,2436000,GVR
2023-10-10,20290,20290,19700,19700,3350400,GVR
2023-10-11,19750,20340,19700,20340,2187000,GVR
2023-10-12,20380,20780,20380,20480,3522600,GVR
2023-10-13,20290,21070,20240,21020,4293700,GVR
2023-10-16,21070,21560,20920,21070,3658400,GVR
2023-10-17,21270,21510,19840,19840,3992400,GVR
2023-10-18,20240,20630,19160,19650,3600400,GVR
2023-10-19,19500,20140,19350,19650,3130900,GVR
2023-10-20,19750,20340,19110,20140,2896100,GVR
2023-10-23,20190,20240,19210,19400,2482600,GVR
2023-10-24,19550,20140,19350,20090,1732000,GVR
2023-10-25,20190,20530,20140,20140,2486500,GVR
2023-10-26,19650,19940,18760,18760,4302900,GVR
2023-10-27,19160,19160,17980,18960,1471800,GVR
2023-10-30,18960,18960,17680,17680,2345000,GVR
2023-10-31,17880,17880,16550,16600,2313300,GVR
2023-11-01,16600,17090,16160,16990,1479400,GVR
2023-11-02,17240,18170,17240,18170,2148500,GVR
2023-11-03,18320,18370,17880,18170,1245300,GVR
2023-11-06,18270,18470,17930,18170,939200,GVR
2023-11-07,18030,18620,17830,18120,1632000,GVR
2023-11-08,18120,19350,18120,19350,2532900,GVR
2023-11-09,19550,19840,19250,19350,2562000,GVR
2023-11-10,18960,19600,18960,19010,2241300,GVR
2023-11-13,19160,19300,18810,19110,1633900,GVR
2023-11-14,19450,19450,19010,19350,1361200,GVR
2023-11-15,20090,20090,19500,19500,2589000,GVR
2023-11-16,19700,19700,19400,19700,936200,GVR
2023-11-17,19800,20350,19100,19450,3491800,GVR
2023-11-20,19200,20100,19000,20000,2992800,GVR
2023-11-21,20300,20300,19850,20050,1338500,GVR
2023-11-22,20100,20200,19800,20150,3150100,GVR
2023-11-23,20350,20350,19300,19300,2776300,GVR
2023-11-24,19300,19550,18750,19550,2200900,GVR
2023-11-27,19600,19800,19300,19300,1345200,GVR
2023-11-28,19400,19600,18900,19600,1256000,GVR
2023-11-29,19700,19900,19550,19850,1369700,GVR
2023-11-30,19800,20400,19800,20000,3408300,GVR
2023-12-01,20000,20200,19800,20150,1179800,GVR
2023-12-04,20350,20850,20300,20600,3141500,GVR
2023-12-05,20650,20850,20450,20600,2609300,GVR
2023-12-06,20700,20800,20500,20800,1853800,GVR
2023-12-07,20800,20800,19950,20200,3409800,GVR
2023-12-08,20200,20400,20000,20050,1284200,GVR
2023-12-11,20150,20350,20000,20350,1128600,GVR
2023-12-12,20450,20700,20350,20350,1283200,GVR
2023-12-13,20350,20550,19950,19950,1917800,GVR
2023-12-14,20150,20200,19800,19850,1055000,GVR
2023-12-15,19850,20100,19650,19900,961600,GVR
2023-12-18,19900,19900,19450,19450,1003400,GVR
2023-12-19,19450,19600,19200,19600,1243600,GVR
2023-12-20,19650,19850,19500,19750,789200,GVR
2023-12-21,19700,19950,19650,19900,958000,GVR
2023-12-22,20050,20250,19900,20250,1995500,GVR
2023-12-25,20300,20400,20050,20200,1477400,GVR
2023-12-26,20250,20500,20200,20300,1790200,GVR
2023-12-27,20300,20500,20200,20250,1275100,GVR
2023-12-28,20350,20500,20150,20300,1830100,GVR
2023-12-29,20450,21300,20450,21200,7483700,GVR
2024-01-02,21450,21450,20900,20950,2681000,GVR
